{
	"metadata": {
		"language": "en-US",
		"transaction_id": "1605439872459:-40498923",
		"version": "1",
		"location_id": "EPWR:9:PL",
		"units": "e",
		"expire_time_gmt": 1605443472,
		"status_code": 200
	},
	"observations": [
		{
			"key": "EPWR",
			"class": "observation",
			"expire_time_gmt": 1600473600,
			"obs_id": "EPWR",
			"obs_name": "Wroclaw/Copernicus",
			"valid_time_gmt": 1600466400,
			"day_ind": "N",
			"temp": 45,
			"wx_icon": 33,
			"icon_extd": 3300,
			"wx_phrase": "Fair",
			"pressure_tend": null,
			"pressure_desc": null,
			"dewPt": 41,
			"heat_index": 45,
			"rh": 87,
			"pressure": 29.92,
			"vis": 6,
			"wc": 45,
			"wdir": null,
			"wdir_cardinal": "VAR",
			"gust": null,
			"wspd": 1,
			"max_temp": null,
			"min_temp": null,
			"precip_total": null,
			"precip_hrly": null,
			"snow_hrly": null,
			"uv_desc": "Low",
			"feels_like": 45,
			"uv_index": 0,
			"qualifier": null,
			"qualifier_svrty": null,
			"blunt_phrase": null,
			"terse_phrase": null,
			"clds": "CLR",
			"water_temp": null,
			"primary_wave_period": null,
			"primary_wave_height": null,
			"primary_swell_period": null,
			"primary_swell_height": null,
			"primary_swell_direction": null,
			"secondary_swell_period": null,
			"secondary_swell_height": null,
			"secondary_swell_direction": null
		},
		{
			"key": "EPWR",
			"class": "observation",
			"expire_time_gmt": 1600475400,
			"obs_id": "EPWR",
			"obs_name": "Wroclaw/Copernicus",
			"valid_time_gmt": 1600468200,
			"day_ind": "N",
			"temp": 45,
			"wx_icon": 33,
			"icon_extd": 3300,
			"wx_phrase": "Fair",
			"pressure_tend": null,
			"pressure_desc": null,
			"dewPt": 41,
			"heat_index": 45,
			"rh": 87,
			"pressure": 29.92,
			"vis": 6,
			"wc": 45,
			"wdir": null,
			"wdir_cardinal": "VAR",
			"gust": null,
			"wspd": 1,
			"max_temp": null,
			"min_temp": null,
			"precip_total": null,
			"precip_hrly": null,
			"snow_hrly": null,
			"uv_desc": "Low",
			"feels_like": 45,
			"uv_index": 0,
			"qualifier": null,
			"qualifier_svrty": null,
			"blunt_phrase": null,
			"terse_phrase": null,
			"clds": "CLR",
			"water_temp": null,
			"primary_wave_period": null,
			"primary_wave_height": null,
			"primary_swell_period": null,
			"primary_swell_height": null,
			"primary_swell_direction": null,
			"secondary_swell_period": null,
			"secondary_swell_height": null,
			"secondary_swell_direction": null
		},
		{
			"key": "EPWR",
			"class": "observation",
			"expire_time_gmt": 1600477200,
			"obs_id": "EPWR",
			"obs_name": "Wroclaw/Copernicus",
			"valid_time_gmt": 1600470000,
			"day_ind": "N",
			"temp": 45,
			"wx_icon": 33,
			"icon_extd": 3300,
			"wx_phrase": "Fair",
			"pressure_tend": null,
			"pressure_desc": null,
			"dewPt": 41,
			"heat_index": 45,
			"rh": 87,
			"pressure": 29.92,
			"vis": 6,
			"wc": 45,
			"wdir": null,
			"wdir_cardinal": "VAR",
			"gust": null,
			"wspd": 2,
			"max_temp": null,
			"min_temp": null,
			"precip_total": null,
			"precip_hrly": null,
			"snow_hrly": null,
			"uv_desc": "Low",
			"feels_like": 45,
			"uv_index": 0,
			"qualifier": null,
			"qualifier_svrty": null,
			"blunt_phrase": null,
			"terse_phrase": null,
			"clds": "CLR",
			"water_temp": null,
			"primary_wave_period": null,
			"primary_wave_height": null,
			"primary_swell_period": null,
			"primary_swell_height": null,
			"primary_swell_direction": null,
			"secondary_swell_period": null,
			"secondary_swell_height": null,
			"secondary_swell_direction": null
		},
		{
			"key": "EPWR",
			"class": "observation",
			"expire_time_gmt": 1600479000,
			"obs_id": "EPWR",
			"obs_name": "Wroclaw/Copernicus",
			"valid_time_gmt": 1600471800,
			"day_ind": "N",
			"temp": 41,
			"wx_icon": 33,
			"icon_extd": 3300,
			"wx_phrase": "Fair",
			"pressure_tend": null,
			"pressure_desc": null,
			"dewPt": 39,
			"heat_index": 41,
			"rh": 93,
			"pressure": 29.89,
			"vis": 6,
			"wc": 41,
			"wdir": 140,
			"wdir_cardinal": "SE",
			"gust": null,
			"wspd": 2,
			"max_temp": null,
			"min_temp": null,
			"precip_total": null,
			"precip_hrly": null,
			"snow_hrly": null,
			"uv_desc": "Low",
			"feels_like": 41,
			"uv_index": 0,
			"qualifier": null,
			"qualifier_svrty": null,
			"blunt_phrase": null,
			"terse_phrase": null,
			"clds": "CLR",
			"water_temp": null,
			"primary_wave_period": null,
			"primary_wave_height": null,
			"primary_swell_period": null,
			"primary_swell_height": null,
			"primary_swell_direction": null,
			"secondary_swell_period": null,
			"secondary_swell_height": null,
			"secondary_swell_direction": null
		},
		{
			"key": "EPWR",
			"class": "observation",
			"expire_time_gmt": 1600480800,
			"obs_id": "EPWR",
			"obs_name": "Wroclaw/Copernicus",
			"valid_time_gmt": 1600473600,
			"day_ind": "N",
			"temp": 43,
			"wx_icon": 20,
			"icon_extd": 2021,
			"wx_phrase": "Shallow Fog",
			"pressure_tend": null,
			"pressure_desc": null,
			"dewPt": 41,
			"heat_index": 43,
			"rh": 93,
			"pressure": 29.89,
			"vis": 6,
			"wc": 43,
			"wdir": null,
			"wdir_cardinal": "VAR",
			"gust": null,
			"wspd": 1,
			"max_temp": null,
			"min_temp": null,
			"precip_total": null,
			"precip_hrly": null,
			"snow_hrly": null,
			"uv_desc": "Low",
			"feels_like": 43,
			"uv_index": 0,
			"qualifier": null,
			"qualifier_svrty": null,
			"blunt_phrase": null,
			"terse_phrase": null,
			"clds": "CLR",
			"water_temp": null,
			"primary_wave_period": null,
			"primary_wave_height": null,
			"primary_swell_period": null,
			"primary_swell_height": null,
			"primary_swell_direction": null,
			"secondary_swell_period": null,
			"secondary_swell_height": null,
			"secondary_swell_direction": null
		},
		{
			"key": "EPWR",
			"class": "observation",
			"expire_time_gmt": 1600482600,
			"obs_id": "EPWR",
			"obs_name": "Wroclaw/Copernicus",
			"valid_time_gmt": 1600475400,
			"day_ind": "N",
			"temp": 43,
			"wx_icon": 20,
			"icon_extd": 2021,
			"wx_phrase": "Shallow Fog",
			"pressure_tend": null,
			"pressure_desc": null,
			"dewPt": 41,
			"heat_index": 43,
			"rh": 93,
			"pressure": 29.89,
			"vis": 6,
			"wc": 43,
			"wdir": 150,
			"wdir_cardinal": "SSE",
			"gust": null,
			"wspd": 1,
			"max_temp": null,
			"min_temp": null,
			"precip_total": null,
			"precip_hrly": null,
			"snow_hrly": null,
			"uv_desc": "Low",
			"feels_like": 43,
			"uv_index": 0,
			"qualifier": null,
			"qualifier_svrty": null,
			"blunt_phrase": null,
			"terse_phrase": null,
			"clds": "CLR",
			"water_temp": null,
			"primary_wave_period": null,
			"primary_wave_height": null,
			"primary_swell_period": null,
			"primary_swell_height": null,
			"primary_swell_direction": null,
			"secondary_swell_period": null,
			"secondary_swell_height": null,
			"secondary_swell_direction": null
		},
		{
			"key": "EPWR",
			"class": "observation",
			"expire_time_gmt": 1600484400,
			"obs_id": "EPWR",
			"obs_name": "Wroclaw/Copernicus",
			"valid_time_gmt": 1600477200,
			"day_ind": "N",
			"temp": 43,
			"wx_icon": 20,
			"icon_extd": 2021,
			"wx_phrase": "Shallow Fog",
			"pressure_tend": null,
			"pressure_desc": null,
			"dewPt": 41,
			"heat_index": 43,
			"rh": 93,
			"pressure": 29.89,
			"vis": 6,
			"wc": 43,
			"wdir": null,
			"wdir_cardinal": "VAR",
			"gust": null,
			"wspd": 1,
			"max_temp": null,
			"min_temp": null,
			"precip_total": null,
			"precip_hrly": null,
			"snow_hrly": null,
			"uv_desc": "Low",
			"feels_like": 43,
			"uv_index": 0,
			"qualifier": null,
			"qualifier_svrty": null,
			"blunt_phrase": null,
			"terse_phrase": null,
			"clds": "CLR",
			"water_temp": null,
			"primary_wave_period": null,
			"primary_wave_height": null,
			"primary_swell_period": null,
			"primary_swell_height": null,
			"primary_swell_direction": null,
			"secondary_swell_period": null,
			"secondary_swell_height": null,
			"secondary_swell_direction": null
		},
		{
			"key": "EPWR",
			"class": "observation",
			"expire_time_gmt": 1600486200,
			"obs_id": "EPWR",
			"obs_name": "Wroclaw/Copernicus",
			"valid_time_gmt": 1600479000,
			"day_ind": "N",
			"temp": 41,
			"wx_icon": 20,
			"icon_extd": 2021,
			"wx_phrase": "Shallow Fog",
			"pressure_tend": null,
			"pressure_desc": null,
			"dewPt": 39,
			"heat_index": 41,
			"rh": 93,
			"pressure": 29.89,
			"vis": 6,
			"wc": 41,
			"wdir": 210,
			"wdir_cardinal": "SSW",
			"gust": null,
			"wspd": 2,
			"max_temp": null,
			"min_temp": null,
			"precip_total": null,
			"precip_hrly": null,
			"snow_hrly": null,
			"uv_desc": "Low",
			"feels_like": 41,
			"uv_index": 0,
			"qualifier": null,
			"qualifier_svrty": null,
			"blunt_phrase": null,
			"terse_phrase": null,
			"clds": "CLR",
			"water_temp": null,
			"primary_wave_period": null,
			"primary_wave_height": null,
			"primary_swell_period": null,
			"primary_swell_height": null,
			"primary_swell_direction": null,
			"secondary_swell_period": null,
			"secondary_swell_height": null,
			"secondary_swell_direction": null
		},
		{
			"key": "EPWR",
			"class": "observation",
			"expire_time_gmt": 1600488000,
			"obs_id": "EPWR",
			"obs_name": "Wroclaw/Copernicus",
			"valid_time_gmt": 1600480800,
			"day_ind": "N",
			"temp": 41,
			"wx_icon": 20,
			"icon_extd": 2021,
			"wx_phrase": "Shallow Fog",
			"pressure_tend": null,
			"pressure_desc": null,
			"dewPt": 39,
			"heat_index": 41,
			"rh": 93,
			"pressure": 29.87,
			"vis": 6,
			"wc": 41,
			"wdir": null,
			"wdir_cardinal": "VAR",
			"gust": null,
			"wspd": 1,
			"max_temp": null,
			"min_temp": null,
			"precip_total": null,
			"precip_hrly": null,
			"snow_hrly": null,
			"uv_desc": "Low",
			"feels_like": 41,
			"uv_index": 0,
			"qualifier": null,
			"qualifier_svrty": null,
			"blunt_phrase": null,
			"terse_phrase": null,
			"clds": "CLR",
			"water_temp": null,
			"primary_wave_period": null,
			"primary_wave_height": null,
			"primary_swell_period": null,
			"primary_swell_height": null,
			"primary_swell_direction": null,
			"secondary_swell_period": null,
			"secondary_swell_height": null,
			"secondary_swell_direction": null
		},
		{
			"key": "EPWR",
			"class": "observation",
			"expire_time_gmt": 1600489800,
			"obs_id": "EPWR",
			"obs_name": "Wroclaw/Copernicus",
			"valid_time_gmt": 1600482600,
			"day_ind": "N",
			"temp": 39,
			"wx_icon": 20,
			"icon_extd": 2021,
			"wx_phrase": "Shallow Fog",
			"pressure_tend": null,
			"pressure_desc": null,
			"dewPt": 37,
			"heat_index": 39,
			"rh": 93,
			"pressure": 29.87,
			"vis": 6,
			"wc": 39,
			"wdir": 120,
			"wdir_cardinal": "ESE",
			"gust": null,
			"wspd": 1,
			"max_temp": null,
			"min_temp": null,
			"precip_total": null,
			"precip_hrly": null,
			"snow_hrly": null,
			"uv_desc": "Low",
			"feels_like": 39,
			"uv_index": 0,
			"qualifier": null,
			"qualifier_svrty": null,
			"blunt_phrase": null,
			"terse_phrase": null,
			"clds": "CLR",
			"water_temp": null,
			"primary_wave_period": null,
			"primary_wave_height": null,
			"primary_swell_period": null,
			"primary_swell_height": null,
			"primary_swell_direction": null,
			"secondary_swell_period": null,
			"secondary_swell_height": null,
			"secondary_swell_direction": null
		},
		{
			"key": "EPWR",
			"class": "observation",
			"expire_time_gmt": 1600491600,
			"obs_id": "EPWR",
			"obs_name": "Wroclaw/Copernicus",
			"valid_time_gmt": 1600484400,
			"day_ind": "N",
			"temp": 37,
			"wx_icon": 20,
			"icon_extd": 2021,
			"wx_phrase": "Shallow Fog",
			"pressure_tend": null,
			"pressure_desc": null,
			"dewPt": 37,
			"heat_index": 37,
			"rh": 100,
			"pressure": 29.87,
			"vis": 6,
			"wc": 37,
			"wdir": null,
			"wdir_cardinal": "VAR",
			"gust": null,
			"wspd": 1,
			"max_temp": null,
			"min_temp": null,
			"precip_total": null,
			"precip_hrly": null,
			"snow_hrly": null,
			"uv_desc": "Low",
			"feels_like": 37,
			"uv_index": 0,
			"qualifier": null,
			"qualifier_svrty": null,
			"blunt_phrase": null,
			"terse_phrase": null,
			"clds": "CLR",
			"water_temp": null,
			"primary_wave_period": null,
			"primary_wave_height": null,
			"primary_swell_period": null,
			"primary_swell_height": null,
			"primary_swell_direction": null,
			"secondary_swell_period": null,
			"secondary_swell_height": null,
			"secondary_swell_direction": null
		},
		{
			"key": "EPWR",
			"class": "observation",
			"expire_time_gmt": 1600493400,
			"obs_id": "EPWR",
			"obs_name": "Wroclaw/Copernicus",
			"valid_time_gmt": 1600486200,
			"day_ind": "N",
			"temp": 39,
			"wx_icon": 20,
			"icon_extd": 2021,
			"wx_phrase": "Shallow Fog",
			"pressure_tend": null,
			"pressure_desc": null,
			"dewPt": 39,
			"heat_index": 39,
			"rh": 100,
			"pressure": 29.87,
			"vis": 6,
			"wc": 39,
			"wdir": null,
			"wdir_cardinal": "VAR",
			"gust": null,
			"wspd": 1,
			"max_temp": null,
			"min_temp": null,
			"precip_total": null,
			"precip_hrly": null,
			"snow_hrly": null,
			"uv_desc": "Low",
			"feels_like": 39,
			"uv_index": 0,
			"qualifier": null,
			"qualifier_svrty": null,
			"blunt_phrase": null,
			"terse_phrase": null,
			"clds": "CLR",
			"water_temp": null,
			"primary_wave_period": null,
			"primary_wave_height": null,
			"primary_swell_period": null,
			"primary_swell_height": null,
			"primary_swell_direction": null,
			"secondary_swell_period": null,
			"secondary_swell_height": null,
			"secondary_swell_direction": null
		},
		{
			"key": "EPWR",
			"class": "observation",
			"expire_time_gmt": 1600495200,
			"obs_id": "EPWR",
			"obs_name": "Wroclaw/Copernicus",
			"valid_time_gmt": 1600488000,
			"day_ind": "N",
			"temp": 39,
			"wx_icon": 20,
			"icon_extd": 2021,
			"wx_phrase": "Shallow Fog",
			"pressure_tend": null,
			"pressure_desc": null,
			"dewPt": 39,
			"heat_index": 39,
			"rh": 100,
			"pressure": 29.87,
			"vis": 6,
			"wc": 39,
			"wdir": null,
			"wdir_cardinal": "VAR",
			"gust": null,
			"wspd": 1,
			"max_temp": null,
			"min_temp": null,
			"precip_total": null,
			"precip_hrly": null,
			"snow_hrly": null,
			"uv_desc": "Low",
			"feels_like": 39,
			"uv_index": 0,
			"qualifier": null,
			"qualifier_svrty": null,
			"blunt_phrase": null,
			"terse_phrase": null,
			"clds": "CLR",
			"water_temp": null,
			"primary_wave_period": null,
			"primary_wave_height": null,
			"primary_swell_period": null,
			"primary_swell_height": null,
			"primary_swell_direction": null,
			"secondary_swell_period": null,
			"secondary_swell_height": null,
			"secondary_swell_direction": null
		},
		{
			"key": "EPWR",
			"class": "observation",
			"expire_time_gmt": 1600497000,
			"obs_id": "EPWR",
			"obs_name": "Wroclaw/Copernicus",
			"valid_time_gmt": 1600489800,
			"day_ind": "D",
			"temp": 37,
			"wx_icon": 20,
			"icon_extd": 2021,
			"wx_phrase": "Shallow Fog",
			"pressure_tend": null,
			"pressure_desc": null,
			"dewPt": 37,
			"heat_index": 37,
			"rh": 100,
			"pressure": 29.87,
			"vis": 6,
			"wc": 37,
			"wdir": null,
			"wdir_cardinal": "VAR",
			"gust": null,
			"wspd": 1,
			"max_temp": null,
			"min_temp": null,
			"precip_total": null,
			"precip_hrly": null,
			"snow_hrly": null,
			"uv_desc": "Low",
			"feels_like": 37,
			"uv_index": 0,
			"qualifier": null,
			"qualifier_svrty": null,
			"blunt_phrase": null,
			"terse_phrase": null,
			"clds": "CLR",
			"water_temp": null,
			"primary_wave_period": null,
			"primary_wave_height": null,
			"primary_swell_period": null,
			"primary_swell_height": null,
			"primary_swell_direction": null,
			"secondary_swell_period": null,
			"secondary_swell_height": null,
			"secondary_swell_direction": null
		},
		{
			"key": "EPWR",
			"class": "observation",
			"expire_time_gmt": 1600498800,
			"obs_id": "EPWR",
			"obs_name": "Wroclaw/Copernicus",
			"valid_time_gmt": 1600491600,
			"day_ind": "D",
			"temp": 39,
			"wx_icon": 20,
			"icon_extd": 2021,
			"wx_phrase": "Shallow Fog",
			"pressure_tend": null,
			"pressure_desc": null,
			"dewPt": 37,
			"heat_index": 39,
			"rh": 93,
			"pressure": 29.87,
			"vis": 6,
			"wc": 39,
			"wdir": 130,
			"wdir_cardinal": "SE",
			"gust": null,
			"wspd": 3,
			"max_temp": null,
			"min_temp": null,
			"precip_total": null,
			"precip_hrly": null,
			"snow_hrly": null,
			"uv_desc": "Low",
			"feels_like": 39,
			"uv_index": 0,
			"qualifier": null,
			"qualifier_svrty": null,
			"blunt_phrase": null,
			"terse_phrase": null,
			"clds": "CLR",
			"water_temp": null,
			"primary_wave_period": null,
			"primary_wave_height": null,
			"primary_swell_period": null,
			"primary_swell_height": null,
			"primary_swell_direction": null,
			"secondary_swell_period": null,
			"secondary_swell_height": null,
			"secondary_swell_direction": null
		},
		{
			"key": "EPWR",
			"class": "observation",
			"expire_time_gmt": 1600500600,
			"obs_id": "EPWR",
			"obs_name": "Wroclaw/Copernicus",
			"valid_time_gmt": 1600493400,
			"day_ind": "D",
			"temp": 41,
			"wx_icon": 20,
			"icon_extd": 2021,
			"wx_phrase": "Shallow Fog",
			"pressure_tend": null,
			"pressure_desc": null,
			"dewPt": 39,
			"heat_index": 41,
			"rh": 93,
			"pressure": 29.87,
			"vis": 6,
			"wc": 38,
			"wdir": 110,
			"wdir_cardinal": "ESE",
			"gust": null,
			"wspd": 5,
			"max_temp": null,
			"min_temp": null,
			"precip_total": null,
			"precip_hrly": null,
			"snow_hrly": null,
			"uv_desc": "Low",
			"feels_like": 38,
			"uv_index": 0,
			"qualifier": null,
			"qualifier_svrty": null,
			"blunt_phrase": null,
			"terse_phrase": null,
			"clds": "CLR",
			"water_temp": null,
			"primary_wave_period": null,
			"primary_wave_height": null,
			"primary_swell_period": null,
			"primary_swell_height": null,
			"primary_swell_direction": null,
			"secondary_swell_period": null,
			"secondary_swell_height": null,
			"secondary_swell_direction": null
		},
		{
			"key": "EPWR",
			"class": "observation",
			"expire_time_gmt": 1600502400,
			"obs_id": "EPWR",
			"obs_name": "Wroclaw/Copernicus",
			"valid_time_gmt": 1600495200,
			"day_ind": "D",
			"temp": 45,
			"wx_icon": 20,
			"icon_extd": 2021,
			"wx_phrase": "Shallow Fog",
			"pressure_tend": null,
			"pressure_desc": null,
			"dewPt": 41,
			"heat_index": 45,
			"rh": 87,
			"pressure": 29.84,
			"vis": 6,
			"wc": 42,
			"wdir": 110,
			"wdir_cardinal": "ESE",
			"gust": null,
			"wspd": 5,
			"max_temp": null,
			"min_temp": null,
			"precip_total": null,
			"precip_hrly": null,
			"snow_hrly": null,
			"uv_desc": "Low",
			"feels_like": 42,
			"uv_index": 0,
			"qualifier": null,
			"qualifier_svrty": null,
			"blunt_phrase": null,
			"terse_phrase": null,
			"clds": "CLR",
			"water_temp": null,
			"primary_wave_period": null,
			"primary_wave_height": null,
			"primary_swell_period": null,
			"primary_swell_height": null,
			"primary_swell_direction": null,
			"secondary_swell_period": null,
			"secondary_swell_height": null,
			"secondary_swell_direction": null
		},
		{
			"key": "EPWR",
			"class": "observation",
			"expire_time_gmt": 1600504200,
			"obs_id": "EPWR",
			"obs_name": "Wroclaw/Copernicus",
			"valid_time_gmt": 1600497000,
			"day_ind": "D",
			"temp": 48,
			"wx_icon": 34,
			"icon_extd": 3400,
			"wx_phrase": "Fair",
			"pressure_tend": null,
			"pressure_desc": null,
			"dewPt": 45,
			"heat_index": 48,
			"rh": 87,
			"pressure": 29.84,
			"vis": 6,
			"wc": 46,
			"wdir": 120,
			"wdir_cardinal": "ESE",
			"gust": null,
			"wspd": 6,
			"max_temp": null,
			"min_temp": null,
			"precip_total": null,
			"precip_hrly": null,
			"snow_hrly": null,
			"uv_desc": "Low",
			"feels_like": 46,
			"uv_index": 1,
			"qualifier": null,
			"qualifier_svrty": null,
			"blunt_phrase": null,
			"terse_phrase": null,
			"clds": "CLR",
			"water_temp": null,
			"primary_wave_period": null,
			"primary_wave_height": null,
			"primary_swell_period": null,
			"primary_swell_height": null,
			"primary_swell_direction": null,
			"secondary_swell_period": null,
			"secondary_swell_height": null,
			"secondary_swell_direction": null
		},
		{
			"key": "EPWR",
			"class": "observation",
			"expire_time_gmt": 1600506000,
			"obs_id": "EPWR",
			"obs_name": "Wroclaw/Copernicus",
			"valid_time_gmt": 1600498800,
			"day_ind": "D",
			"temp": 52,
			"wx_icon": 34,
			"icon_extd": 3400,
			"wx_phrase": "Fair",
			"pressure_tend": null,
			"pressure_desc": null,
			"dewPt": 45,
			"heat_index": 52,
			"rh": 76,
			"pressure": 29.84,
			"vis": 6,
			"wc": 52,
			"wdir": 130,
			"wdir_cardinal": "SE",
			"gust": null,
			"wspd": 6,
			"max_temp": null,
			"min_temp": null,
			"precip_total": null,
			"precip_hrly": null,
			"snow_hrly": null,
			"uv_desc": "Low",
			"feels_like": 52,
			"uv_index": 1,
			"qualifier": null,
			"qualifier_svrty": null,
			"blunt_phrase": null,
			"terse_phrase": null,
			"clds": "CLR",
			"water_temp": null,
			"primary_wave_period": null,
			"primary_wave_height": null,
			"primary_swell_period": null,
			"primary_swell_height": null,
			"primary_swell_direction": null,
			"secondary_swell_period": null,
			"secondary_swell_height": null,
			"secondary_swell_direction": null
		},
		{
			"key": "EPWR",
			"class": "observation",
			"expire_time_gmt": 1600507800,
			"obs_id": "EPWR",
			"obs_name": "Wroclaw/Copernicus",
			"valid_time_gmt": 1600500600,
			"day_ind": "D",
			"temp": 55,
			"wx_icon": 34,
			"icon_extd": 3400,
			"wx_phrase": "Fair",
			"pressure_tend": null,
			"pressure_desc": null,
			"dewPt": 45,
			"heat_index": 55,
			"rh": 67,
			"pressure": 29.84,
			"vis": 6,
			"wc": 55,
			"wdir": 120,
			"wdir_cardinal": "ESE",
			"gust": null,
			"wspd": 6,
			"max_temp": null,
			"min_temp": null,
			"precip_total": null,
			"precip_hrly": null,
			"snow_hrly": null,
			"uv_desc": "Low",
			"feels_like": 55,
			"uv_index": 1,
			"qualifier": null,
			"qualifier_svrty": null,
			"blunt_phrase": null,
			"terse_phrase": null,
			"clds": "CLR",
			"water_temp": null,
			"primary_wave_period": null,
			"primary_wave_height": null,
			"primary_swell_period": null,
			"primary_swell_height": null,
			"primary_swell_direction": null,
			"secondary_swell_period": null,
			"secondary_swell_height": null,
			"secondary_swell_direction": null
		},
		{
			"key": "EPWR",
			"class": "observation",
			"expire_time_gmt": 1600509600,
			"obs_id": "EPWR",
			"obs_name": "Wroclaw/Copernicus",
			"valid_time_gmt": 1600502400,
			"day_ind": "D",
			"temp": 57,
			"wx_icon": 34,
			"icon_extd": 3400,
			"wx_phrase": "Fair",
			"pressure_tend": null,
			"pressure_desc": null,
			"dewPt": 43,
			"heat_index": 57,
			"rh": 59,
			"pressure": 29.84,
			"vis": 6,
			"wc": 57,
			"wdir": 130,
			"wdir_cardinal": "SE",
			"gust": null,
			"wspd": 8,
			"max_temp": null,
			"min_temp": null,
			"precip_total": null,
			"precip_hrly": null,
			"snow_hrly": null,
			"uv_desc": "Low",
			"feels_like": 57,
			"uv_index": 2,
			"qualifier": null,
			"qualifier_svrty": null,
			"blunt_phrase": null,
			"terse_phrase": null,
			"clds": "CLR",
			"water_temp": null,
			"primary_wave_period": null,
			"primary_wave_height": null,
			"primary_swell_period": null,
			"primary_swell_height": null,
			"primary_swell_direction": null,
			"secondary_swell_period": null,
			"secondary_swell_height": null,
			"secondary_swell_direction": null
		},
		{
			"key": "EPWR",
			"class": "observation",
			"expire_time_gmt": 1600511400,
			"obs_id": "EPWR",
			"obs_name": "Wroclaw/Copernicus",
			"valid_time_gmt": 1600504200,
			"day_ind": "D",
			"temp": 59,
			"wx_icon": 34,
			"icon_extd": 3400,
			"wx_phrase": "Fair",
			"pressure_tend": null,
			"pressure_desc": null,
			"dewPt": 43,
			"heat_index": 59,
			"rh": 55,
			"pressure": 29.84,
			"vis": 6,
			"wc": 59,
			"wdir": 110,
			"wdir_cardinal": "ESE",
			"gust": null,
			"wspd": 7,
			"max_temp": null,
			"min_temp": null,
			"precip_total": null,
			"precip_hrly": null,
			"snow_hrly": null,
			"uv_desc": "Moderate",
			"feels_like": 59,
			"uv_index": 3,
			"qualifier": null,
			"qualifier_svrty": null,
			"blunt_phrase": null,
			"terse_phrase": null,
			"clds": "CLR",
			"water_temp": null,
			"primary_wave_period": null,
			"primary_wave_height": null,
			"primary_swell_period": null,
			"primary_swell_height": null,
			"primary_swell_direction": null,
			"secondary_swell_period": null,
			"secondary_swell_height": null,
			"secondary_swell_direction": null
		},
		{
			"key": "EPWR",
			"class": "observation",
			"expire_time_gmt": 1600513200,
			"obs_id": "EPWR",
			"obs_name": "Wroclaw/Copernicus",
			"valid_time_gmt": 1600506000,
			"day_ind": "D",
			"temp": 61,
			"wx_icon": 34,
			"icon_extd": 3400,
			"wx_phrase": "Fair",
			"pressure_tend": null,
			"pressure_desc": null,
			"dewPt": 43,
			"heat_index": 61,
			"rh": 52,
			"pressure": 29.84,
			"vis": 6,
			"wc": 61,
			"wdir": 140,
			"wdir_cardinal": "SE",
			"gust": null,
			"wspd": 7,
			"max_temp": null,
			"min_temp": null,
			"precip_total": null,
			"precip_hrly": null,
			"snow_hrly": null,
			"uv_desc": "Moderate",
			"feels_like": 61,
			"uv_index": 3,
			"qualifier": null,
			"qualifier_svrty": null,
			"blunt_phrase": null,
			"terse_phrase": null,
			"clds": "CLR",
			"water_temp": null,
			"primary_wave_period": null,
			"primary_wave_height": null,
			"primary_swell_period": null,
			"primary_swell_height": null,
			"primary_swell_direction": null,
			"secondary_swell_period": null,
			"secondary_swell_height": null,
			"secondary_swell_direction": null
		},
		{
			"key": "EPWR",
			"class": "observation",
			"expire_time_gmt": 1600515000,
			"obs_id": "EPWR",
			"obs_name": "Wroclaw/Copernicus",
			"valid_time_gmt": 1600507800,
			"day_ind": "D",
			"temp": 63,
			"wx_icon": 34,
			"icon_extd": 3400,
			"wx_phrase": "Fair",
			"pressure_tend": null,
			"pressure_desc": null,
			"dewPt": 43,
			"heat_index": 63,
			"rh": 48,
			"pressure": 29.84,
			"vis": 6,
			"wc": 63,
			"wdir": 140,
			"wdir_cardinal": "SE",
			"gust": null,
			"wspd": 10,
			"max_temp": null,
			"min_temp": null,
			"precip_total": null,
			"precip_hrly": null,
			"snow_hrly": null,
			"uv_desc": "Moderate",
			"feels_like": 63,
			"uv_index": 3,
			"qualifier": null,
			"qualifier_svrty": null,
			"blunt_phrase": null,
			"terse_phrase": null,
			"clds": "CLR",
			"water_temp": null,
			"primary_wave_period": null,
			"primary_wave_height": null,
			"primary_swell_period": null,
			"primary_swell_height": null,
			"primary_swell_direction": null,
			"secondary_swell_period": null,
			"secondary_swell_height": null,
			"secondary_swell_direction": null
		},
		{
			"key": "EPWR",
			"class": "observation",
			"expire_time_gmt": 1600516800,
			"obs_id": "EPWR",
			"obs_name": "Wroclaw/Copernicus",
			"valid_time_gmt": 1600509600,
			"day_ind": "D",
			"temp": 64,
			"wx_icon": 34,
			"icon_extd": 3400,
			"wx_phrase": "Fair",
			"pressure_tend": null,
			"pressure_desc": null,
			"dewPt": 45,
			"heat_index": 64,
			"rh": 49,
			"pressure": 29.84,
			"vis": 6,
			"wc": 64,
			"wdir": 120,
			"wdir_cardinal": "ESE",
			"gust": null,
			"wspd": 12,
			"max_temp": null,
			"min_temp": null,
			"precip_total": null,
			"precip_hrly": null,
			"snow_hrly": null,
			"uv_desc": "Moderate",
			"feels_like": 64,
			"uv_index": 4,
			"qualifier": null,
			"qualifier_svrty": null,
			"blunt_phrase": null,
			"terse_phrase": null,
			"clds": "CLR",
			"water_temp": null,
			"primary_wave_period": null,
			"primary_wave_height": null,
			"primary_swell_period": null,
			"primary_swell_height": null,
			"primary_swell_direction": null,
			"secondary_swell_period": null,
			"secondary_swell_height": null,
			"secondary_swell_direction": null
		},
		{
			"key": "EPWR",
			"class": "observation",
			"expire_time_gmt": 1600518600,
			"obs_id": "EPWR",
			"obs_name": "Wroclaw/Copernicus",
			"valid_time_gmt": 1600511400,
			"day_ind": "D",
			"temp": 66,
			"wx_icon": 34,
			"icon_extd": 3400,
			"wx_phrase": "Fair",
			"pressure_tend": null,
			"pressure_desc": null,
			"dewPt": 43,
			"heat_index": 66,
			"rh": 43,
			"pressure": 29.81,
			"vis": 6,
			"wc": 66,
			"wdir": 130,
			"wdir_cardinal": "SE",
			"gust": null,
			"wspd": 10,
			"max_temp": null,
			"min_temp": null,
			"precip_total": null,
			"precip_hrly": null,
			"snow_hrly": null,
			"uv_desc": "Moderate",
			"feels_like": 66,
			"uv_index": 4,
			"qualifier": null,
			"qualifier_svrty": null,
			"blunt_phrase": null,
			"terse_phrase": null,
			"clds": "CLR",
			"water_temp": null,
			"primary_wave_period": null,
			"primary_wave_height": null,
			"primary_swell_period": null,
			"primary_swell_height": null,
			"primary_swell_direction": null,
			"secondary_swell_period": null,
			"secondary_swell_height": null,
			"secondary_swell_direction": null
		},
		{
			"key": "EPWR",
			"class": "observation",
			"expire_time_gmt": 1600520400,
			"obs_id": "EPWR",
			"obs_name": "Wroclaw/Copernicus",
			"valid_time_gmt": 1600513200,
			"day_ind": "D",
			"temp": 66,
			"wx_icon": 34,
			"icon_extd": 3400,
			"wx_phrase": "Fair",
			"pressure_tend": null,
			"pressure_desc": null,
			"dewPt": 41,
			"heat_index": 66,
			"rh": 40,
			"pressure": 29.81,
			"vis": 6,
			"wc": 66,
			"wdir": 130,
			"wdir_cardinal": "SE",
			"gust": null,
			"wspd": 12,
			"max_temp": null,
			"min_temp": null,
			"precip_total": null,
			"precip_hrly": null,
			"snow_hrly": null,
			"uv_desc": "Moderate",
			"feels_like": 66,
			"uv_index": 4,
			"qualifier": null,
			"qualifier_svrty": null,
			"blunt_phrase": null,
			"terse_phrase": null,
			"clds": "CLR",
			"water_temp": null,
			"primary_wave_period": null,
			"primary_wave_height": null,
			"primary_swell_period": null,
			"primary_swell_height": null,
			"primary_swell_direction": null,
			"secondary_swell_period": null,
			"secondary_swell_height": null,
			"secondary_swell_direction": null
		},
		{
			"key": "EPWR",
			"class": "observation",
			"expire_time_gmt": 1600522200,
			"obs_id": "EPWR",
			"obs_name": "Wroclaw/Copernicus",
			"valid_time_gmt": 1600515000,
			"day_ind": "D",
			"temp": 66,
			"wx_icon": 34,
			"icon_extd": 3400,
			"wx_phrase": "Fair",
			"pressure_tend": null,
			"pressure_desc": null,
			"dewPt": 39,
			"heat_index": 66,
			"rh": 37,
			"pressure": 29.81,
			"vis": 6,
			"wc": 66,
			"wdir": 110,
			"wdir_cardinal": "ESE",
			"gust": null,
			"wspd": 8,
			"max_temp": null,
			"min_temp": null,
			"precip_total": null,
			"precip_hrly": null,
			"snow_hrly": null,
			"uv_desc": "Moderate",
			"feels_like": 66,
			"uv_index": 4,
			"qualifier": null,
			"qualifier_svrty": null,
			"blunt_phrase": null,
			"terse_phrase": null,
			"clds": "CLR",
			"water_temp": null,
			"primary_wave_period": null,
			"primary_wave_height": null,
			"primary_swell_period": null,
			"primary_swell_height": null,
			"primary_swell_direction": null,
			"secondary_swell_period": null,
			"secondary_swell_height": null,
			"secondary_swell_direction": null
		},
		{
			"key": "EPWR",
			"class": "observation",
			"expire_time_gmt": 1600524000,
			"obs_id": "EPWR",
			"obs_name": "Wroclaw/Copernicus",
			"valid_time_gmt": 1600516800,
			"day_ind": "D",
			"temp": 66,
			"wx_icon": 34,
			"icon_extd": 3400,
			"wx_phrase": "Fair",
			"pressure_tend": null,
			"pressure_desc": null,
			"dewPt": 39,
			"heat_index": 66,
			"rh": 37,
			"pressure": 29.81,
			"vis": 6,
			"wc": 66,
			"wdir": 130,
			"wdir_cardinal": "SE",
			"gust": null,
			"wspd": 8,
			"max_temp": null,
			"min_temp": null,
			"precip_total": null,
			"precip_hrly": null,
			"snow_hrly": null,
			"uv_desc": "Moderate",
			"feels_like": 66,
			"uv_index": 3,
			"qualifier": null,
			"qualifier_svrty": null,
			"blunt_phrase": null,
			"terse_phrase": null,
			"clds": "CLR",
			"water_temp": null,
			"primary_wave_period": null,
			"primary_wave_height": null,
			"primary_swell_period": null,
			"primary_swell_height": null,
			"primary_swell_direction": null,
			"secondary_swell_period": null,
			"secondary_swell_height": null,
			"secondary_swell_direction": null
		},
		{
			"key": "EPWR",
			"class": "observation",
			"expire_time_gmt": 1600525800,
			"obs_id": "EPWR",
			"obs_name": "Wroclaw/Copernicus",
			"valid_time_gmt": 1600518600,
			"day_ind": "D",
			"temp": 68,
			"wx_icon": 34,
			"icon_extd": 3400,
			"wx_phrase": "Fair",
			"pressure_tend": null,
			"pressure_desc": null,
			"dewPt": 43,
			"heat_index": 68,
			"rh": 40,
			"pressure": 29.81,
			"vis": 6,
			"wc": 68,
			"wdir": 120,
			"wdir_cardinal": "ESE",
			"gust": null,
			"wspd": 7,
			"max_temp": null,
			"min_temp": null,
			"precip_total": null,
			"precip_hrly": null,
			"snow_hrly": null,
			"uv_desc": "Moderate",
			"feels_like": 68,
			"uv_index": 3,
			"qualifier": null,
			"qualifier_svrty": null,
			"blunt_phrase": null,
			"terse_phrase": null,
			"clds": "CLR",
			"water_temp": null,
			"primary_wave_period": null,
			"primary_wave_height": null,
			"primary_swell_period": null,
			"primary_swell_height": null,
			"primary_swell_direction": null,
			"secondary_swell_period": null,
			"secondary_swell_height": null,
			"secondary_swell_direction": null
		},
		{
			"key": "EPWR",
			"class": "observation",
			"expire_time_gmt": 1600527600,
			"obs_id": "EPWR",
			"obs_name": "Wroclaw/Copernicus",
			"valid_time_gmt": 1600520400,
			"day_ind": "D",
			"temp": 68,
			"wx_icon": 34,
			"icon_extd": 3400,
			"wx_phrase": "Fair",
			"pressure_tend": null,
			"pressure_desc": null,
			"dewPt": 41,
			"heat_index": 68,
			"rh": 37,
			"pressure": 29.78,
			"vis": 6,
			"wc": 68,
			"wdir": 110,
			"wdir_cardinal": "ESE",
			"gust": null,
			"wspd": 8,
			"max_temp": null,
			"min_temp": null,
			"precip_total": null,
			"precip_hrly": null,
			"snow_hrly": null,
			"uv_desc": "Moderate",
			"feels_like": 68,
			"uv_index": 3,
			"qualifier": null,
			"qualifier_svrty": null,
			"blunt_phrase": null,
			"terse_phrase": null,
			"clds": "CLR",
			"water_temp": null,
			"primary_wave_period": null,
			"primary_wave_height": null,
			"primary_swell_period": null,
			"primary_swell_height": null,
			"primary_swell_direction": null,
			"secondary_swell_period": null,
			"secondary_swell_height": null,
			"secondary_swell_direction": null
		},
		{
			"key": "EPWR",
			"class": "observation",
			"expire_time_gmt": 1600529400,
			"obs_id": "EPWR",
			"obs_name": "Wroclaw/Copernicus",
			"valid_time_gmt": 1600522200,
			"day_ind": "D",
			"temp": 68,
			"wx_icon": 34,
			"icon_extd": 3400,
			"wx_phrase": "Fair",
			"pressure_tend": null,
			"pressure_desc": null,
			"dewPt": 41,
			"heat_index": 68,
			"rh": 37,
			"pressure": 29.78,
			"vis": 6,
			"wc": 68,
			"wdir": 120,
			"wdir_cardinal": "ESE",
			"gust": null,
			"wspd": 8,
			"max_temp": null,
			"min_temp": null,
			"precip_total": null,
			"precip_hrly": null,
			"snow_hrly": null,
			"uv_desc": "Low",
			"feels_like": 68,
			"uv_index": 2,
			"qualifier": null,
			"qualifier_svrty": null,
			"blunt_phrase": null,
			"terse_phrase": null,
			"clds": "CLR",
			"water_temp": null,
			"primary_wave_period": null,
			"primary_wave_height": null,
			"primary_swell_period": null,
			"primary_swell_height": null,
			"primary_swell_direction": null,
			"secondary_swell_period": null,
			"secondary_swell_height": null,
			"secondary_swell_direction": null
		},
		{
			"key": "EPWR",
			"class": "observation",
			"expire_time_gmt": 1600531200,
			"obs_id": "EPWR",
			"obs_name": "Wroclaw/Copernicus",
			"valid_time_gmt": 1600524000,
			"day_ind": "D",
			"temp": 68,
			"wx_icon": 34,
			"icon_extd": 3400,
			"wx_phrase": "Fair",
			"pressure_tend": null,
			"pressure_desc": null,
			"dewPt": 41,
			"heat_index": 68,
			"rh": 37,
			"pressure": 29.75,
			"vis": 6,
			"wc": 68,
			"wdir": 100,
			"wdir_cardinal": "E",
			"gust": null,
			"wspd": 7,
			"max_temp": null,
			"min_temp": null,
			"precip_total": null,
			"precip_hrly": null,
			"snow_hrly": null,
			"uv_desc": "Low",
			"feels_like": 68,
			"uv_index": 1,
			"qualifier": null,
			"qualifier_svrty": null,
			"blunt_phrase": null,
			"terse_phrase": null,
			"clds": "CLR",
			"water_temp": null,
			"primary_wave_period": null,
			"primary_wave_height": null,
			"primary_swell_period": null,
			"primary_swell_height": null,
			"primary_swell_direction": null,
			"secondary_swell_period": null,
			"secondary_swell_height": null,
			"secondary_swell_direction": null
		},
		{
			"key": "EPWR",
			"class": "observation",
			"expire_time_gmt": 1600533000,
			"obs_id": "EPWR",
			"obs_name": "Wroclaw/Copernicus",
			"valid_time_gmt": 1600525800,
			"day_ind": "D",
			"temp": 68,
			"wx_icon": 34,
			"icon_extd": 3400,
			"wx_phrase": "Fair",
			"pressure_tend": null,
			"pressure_desc": null,
			"dewPt": 41,
			"heat_index": 68,
			"rh": 37,
			"pressure": 29.75,
			"vis": 6,
			"wc": 68,
			"wdir": 80,
			"wdir_cardinal": "E",
			"gust": null,
			"wspd": 7,
			"max_temp": null,
			"min_temp": null,
			"precip_total": null,
			"precip_hrly": null,
			"snow_hrly": null,
			"uv_desc": "Low",
			"feels_like": 68,
			"uv_index": 1,
			"qualifier": null,
			"qualifier_svrty": null,
			"blunt_phrase": null,
			"terse_phrase": null,
			"clds": "CLR",
			"water_temp": null,
			"primary_wave_period": null,
			"primary_wave_height": null,
			"primary_swell_period": null,
			"primary_swell_height": null,
			"primary_swell_direction": null,
			"secondary_swell_period": null,
			"secondary_swell_height": null,
			"secondary_swell_direction": null
		},
		{
			"key": "EPWR",
			"class": "observation",
			"expire_time_gmt": 1600534800,
			"obs_id": "EPWR",
			"obs_name": "Wroclaw/Copernicus",
			"valid_time_gmt": 1600527600,
			"day_ind": "D",
			"temp": 66,
			"wx_icon": 34,
			"icon_extd": 3400,
			"wx_phrase": "Fair",
			"pressure_tend": null,
			"pressure_desc": null,
			"dewPt": 41,
			"heat_index": 66,
			"rh": 40,
			"pressure": 29.75,
			"vis": 6,
			"wc": 66,
			"wdir": 100,
			"wdir_cardinal": "E",
			"gust": null,
			"wspd": 8,
			"max_temp": null,
			"min_temp": null,
			"precip_total": null,
			"precip_hrly": null,
			"snow_hrly": null,
			"uv_desc": "Low",
			"feels_like": 66,
			"uv_index": 1,
			"qualifier": null,
			"qualifier_svrty": null,
			"blunt_phrase": null,
			"terse_phrase": null,
			"clds": "CLR",
			"water_temp": null,
			"primary_wave_period": null,
			"primary_wave_height": null,
			"primary_swell_period": null,
			"primary_swell_height": null,
			"primary_swell_direction": null,
			"secondary_swell_period": null,
			"secondary_swell_height": null,
			"secondary_swell_direction": null
		},
		{
			"key": "EPWR",
			"class": "observation",
			"expire_time_gmt": 1600536600,
			"obs_id": "EPWR",
			"obs_name": "Wroclaw/Copernicus",
			"valid_time_gmt": 1600529400,
			"day_ind": "D",
			"temp": 66,
			"wx_icon": 34,
			"icon_extd": 3400,
			"wx_phrase": "Fair",
			"pressure_tend": null,
			"pressure_desc": null,
			"dewPt": 43,
			"heat_index": 66,
			"rh": 43,
			"pressure": 29.75,
			"vis": 6,
			"wc": 66,
			"wdir": 110,
			"wdir_cardinal": "ESE",
			"gust": null,
			"wspd": 8,
			"max_temp": null,
			"min_temp": null,
			"precip_total": null,
			"precip_hrly": null,
			"snow_hrly": null,
			"uv_desc": "Low",
			"feels_like": 66,
			"uv_index": 0,
			"qualifier": null,
			"qualifier_svrty": null,
			"blunt_phrase": null,
			"terse_phrase": null,
			"clds": "CLR",
			"water_temp": null,
			"primary_wave_period": null,
			"primary_wave_height": null,
			"primary_swell_period": null,
			"primary_swell_height": null,
			"primary_swell_direction": null,
			"secondary_swell_period": null,
			"secondary_swell_height": null,
			"secondary_swell_direction": null
		},
		{
			"key": "EPWR",
			"class": "observation",
			"expire_time_gmt": 1600538400,
			"obs_id": "EPWR",
			"obs_name": "Wroclaw/Copernicus",
			"valid_time_gmt": 1600531200,
			"day_ind": "D",
			"temp": 64,
			"wx_icon": 34,
			"icon_extd": 3400,
			"wx_phrase": "Fair",
			"pressure_tend": null,
			"pressure_desc": null,
			"dewPt": 43,
			"heat_index": 64,
			"rh": 45,
			"pressure": 29.75,
			"vis": 6,
			"wc": 64,
			"wdir": 110,
			"wdir_cardinal": "ESE",
			"gust": null,
			"wspd": 8,
			"max_temp": null,
			"min_temp": null,
			"precip_total": null,
			"precip_hrly": null,
			"snow_hrly": null,
			"uv_desc": "Low",
			"feels_like": 64,
			"uv_index": 0,
			"qualifier": null,
			"qualifier_svrty": null,
			"blunt_phrase": null,
			"terse_phrase": null,
			"clds": "CLR",
			"water_temp": null,
			"primary_wave_period": null,
			"primary_wave_height": null,
			"primary_swell_period": null,
			"primary_swell_height": null,
			"primary_swell_direction": null,
			"secondary_swell_period": null,
			"secondary_swell_height": null,
			"secondary_swell_direction": null
		},
		{
			"key": "EPWR",
			"class": "observation",
			"expire_time_gmt": 1600540200,
			"obs_id": "EPWR",
			"obs_name": "Wroclaw/Copernicus",
			"valid_time_gmt": 1600533000,
			"day_ind": "D",
			"temp": 63,
			"wx_icon": 34,
			"icon_extd": 3400,
			"wx_phrase": "Fair",
			"pressure_tend": null,
			"pressure_desc": null,
			"dewPt": 43,
			"heat_index": 63,
			"rh": 48,
			"pressure": 29.75,
			"vis": 6,
			"wc": 63,
			"wdir": 120,
			"wdir_cardinal": "ESE",
			"gust": null,
			"wspd": 6,
			"max_temp": null,
			"min_temp": null,
			"precip_total": null,
			"precip_hrly": null,
			"snow_hrly": null,
			"uv_desc": "Low",
			"feels_like": 63,
			"uv_index": 0,
			"qualifier": null,
			"qualifier_svrty": null,
			"blunt_phrase": null,
			"terse_phrase": null,
			"clds": "CLR",
			"water_temp": null,
			"primary_wave_period": null,
			"primary_wave_height": null,
			"primary_swell_period": null,
			"primary_swell_height": null,
			"primary_swell_direction": null,
			"secondary_swell_period": null,
			"secondary_swell_height": null,
			"secondary_swell_direction": null
		},
		{
			"key": "EPWR",
			"class": "observation",
			"expire_time_gmt": 1600542000,
			"obs_id": "EPWR",
			"obs_name": "Wroclaw/Copernicus",
			"valid_time_gmt": 1600534800,
			"day_ind": "N",
			"temp": 61,
			"wx_icon": 33,
			"icon_extd": 3300,
			"wx_phrase": "Fair",
			"pressure_tend": null,
			"pressure_desc": null,
			"dewPt": 41,
			"heat_index": 61,
			"rh": 48,
			"pressure": 29.75,
			"vis": 6,
			"wc": 61,
			"wdir": 110,
			"wdir_cardinal": "ESE",
			"gust": null,
			"wspd": 3,
			"max_temp": null,
			"min_temp": null,
			"precip_total": null,
			"precip_hrly": null,
			"snow_hrly": null,
			"uv_desc": "Low",
			"feels_like": 61,
			"uv_index": 0,
			"qualifier": null,
			"qualifier_svrty": null,
			"blunt_phrase": null,
			"terse_phrase": null,
			"clds": "CLR",
			"water_temp": null,
			"primary_wave_period": null,
			"primary_wave_height": null,
			"primary_swell_period": null,
			"primary_swell_height": null,
			"primary_swell_direction": null,
			"secondary_swell_period": null,
			"secondary_swell_height": null,
			"secondary_swell_direction": null
		},
		{
			"key": "EPWR",
			"class": "observation",
			"expire_time_gmt": 1600543800,
			"obs_id": "EPWR",
			"obs_name": "Wroclaw/Copernicus",
			"valid_time_gmt": 1600536600,
			"day_ind": "N",
			"temp": 59,
			"wx_icon": 33,
			"icon_extd": 3300,
			"wx_phrase": "Fair",
			"pressure_tend": null,
			"pressure_desc": null,
			"dewPt": 43,
			"heat_index": 59,
			"rh": 55,
			"pressure": 29.72,
			"vis": 6,
			"wc": 59,
			"wdir": 120,
			"wdir_cardinal": "ESE",
			"gust": null,
			"wspd": 1,
			"max_temp": null,
			"min_temp": null,
			"precip_total": null,
			"precip_hrly": null,
			"snow_hrly": null,
			"uv_desc": "Low",
			"feels_like": 59,
			"uv_index": 0,
			"qualifier": null,
			"qualifier_svrty": null,
			"blunt_phrase": null,
			"terse_phrase": null,
			"clds": "CLR",
			"water_temp": null,
			"primary_wave_period": null,
			"primary_wave_height": null,
			"primary_swell_period": null,
			"primary_swell_height": null,
			"primary_swell_direction": null,
			"secondary_swell_period": null,
			"secondary_swell_height": null,
			"secondary_swell_direction": null
		},
		{
			"key": "EPWR",
			"class": "observation",
			"expire_time_gmt": 1600545600,
			"obs_id": "EPWR",
			"obs_name": "Wroclaw/Copernicus",
			"valid_time_gmt": 1600538400,
			"day_ind": "N",
			"temp": 59,
			"wx_icon": 33,
			"icon_extd": 3300,
			"wx_phrase": "Fair",
			"pressure_tend": null,
			"pressure_desc": null,
			"dewPt": 45,
			"heat_index": 59,
			"rh": 59,
			"pressure": 29.72,
			"vis": 6,
			"wc": 59,
			"wdir": 140,
			"wdir_cardinal": "SE",
			"gust": null,
			"wspd": 2,
			"max_temp": null,
			"min_temp": null,
			"precip_total": null,
			"precip_hrly": null,
			"snow_hrly": null,
			"uv_desc": "Low",
			"feels_like": 59,
			"uv_index": 0,
			"qualifier": null,
			"qualifier_svrty": null,
			"blunt_phrase": null,
			"terse_phrase": null,
			"clds": "CLR",
			"water_temp": null,
			"primary_wave_period": null,
			"primary_wave_height": null,
			"primary_swell_period": null,
			"primary_swell_height": null,
			"primary_swell_direction": null,
			"secondary_swell_period": null,
			"secondary_swell_height": null,
			"secondary_swell_direction": null
		},
		{
			"key": "EPWR",
			"class": "observation",
			"expire_time_gmt": 1600547400,
			"obs_id": "EPWR",
			"obs_name": "Wroclaw/Copernicus",
			"valid_time_gmt": 1600540200,
			"day_ind": "N",
			"temp": 57,
			"wx_icon": 33,
			"icon_extd": 3300,
			"wx_phrase": "Fair",
			"pressure_tend": null,
			"pressure_desc": null,
			"dewPt": 41,
			"heat_index": 57,
			"rh": 55,
			"pressure": 29.72,
			"vis": 6,
			"wc": 57,
			"wdir": 120,
			"wdir_cardinal": "ESE",
			"gust": null,
			"wspd": 1,
			"max_temp": null,
			"min_temp": null,
			"precip_total": null,
			"precip_hrly": null,
			"snow_hrly": null,
			"uv_desc": "Low",
			"feels_like": 57,
			"uv_index": 0,
			"qualifier": null,
			"qualifier_svrty": null,
			"blunt_phrase": null,
			"terse_phrase": null,
			"clds": "CLR",
			"water_temp": null,
			"primary_wave_period": null,
			"primary_wave_height": null,
			"primary_swell_period": null,
			"primary_swell_height": null,
			"primary_swell_direction": null,
			"secondary_swell_period": null,
			"secondary_swell_height": null,
			"secondary_swell_direction": null
		},
		{
			"key": "EPWR",
			"class": "observation",
			"expire_time_gmt": 1600549200,
			"obs_id": "EPWR",
			"obs_name": "Wroclaw/Copernicus",
			"valid_time_gmt": 1600542000,
			"day_ind": "N",
			"temp": 55,
			"wx_icon": 33,
			"icon_extd": 3300,
			"wx_phrase": "Fair",
			"pressure_tend": null,
			"pressure_desc": null,
			"dewPt": 45,
			"heat_index": 55,
			"rh": 67,
			"pressure": 29.72,
			"vis": 6,
			"wc": 55,
			"wdir": 20,
			"wdir_cardinal": "NNE",
			"gust": null,
			"wspd": 2,
			"max_temp": null,
			"min_temp": null,
			"precip_total": null,
			"precip_hrly": null,
			"snow_hrly": null,
			"uv_desc": "Low",
			"feels_like": 55,
			"uv_index": 0,
			"qualifier": null,
			"qualifier_svrty": null,
			"blunt_phrase": null,
			"terse_phrase": null,
			"clds": "CLR",
			"water_temp": null,
			"primary_wave_period": null,
			"primary_wave_height": null,
			"primary_swell_period": null,
			"primary_swell_height": null,
			"primary_swell_direction": null,
			"secondary_swell_period": null,
			"secondary_swell_height": null,
			"secondary_swell_direction": null
		},
		{
			"key": "EPWR",
			"class": "observation",
			"expire_time_gmt": 1600551000,
			"obs_id": "EPWR",
			"obs_name": "Wroclaw/Copernicus",
			"valid_time_gmt": 1600543800,
			"day_ind": "N",
			"temp": 55,
			"wx_icon": 33,
			"icon_extd": 3300,
			"wx_phrase": "Fair",
			"pressure_tend": null,
			"pressure_desc": null,
			"dewPt": 45,
			"heat_index": 55,
			"rh": 67,
			"pressure": 29.72,
			"vis": 6,
			"wc": 55,
			"wdir": null,
			"wdir_cardinal": "VAR",
			"gust": null,
			"wspd": 1,
			"max_temp": null,
			"min_temp": null,
			"precip_total": null,
			"precip_hrly": null,
			"snow_hrly": null,
			"uv_desc": "Low",
			"feels_like": 55,
			"uv_index": 0,
			"qualifier": null,
			"qualifier_svrty": null,
			"blunt_phrase": null,
			"terse_phrase": null,
			"clds": "CLR",
			"water_temp": null,
			"primary_wave_period": null,
			"primary_wave_height": null,
			"primary_swell_period": null,
			"primary_swell_height": null,
			"primary_swell_direction": null,
			"secondary_swell_period": null,
			"secondary_swell_height": null,
			"secondary_swell_direction": null
		},
		{
			"key": "EPWR",
			"class": "observation",
			"expire_time_gmt": 1600552800,
			"obs_id": "EPWR",
			"obs_name": "Wroclaw/Copernicus",
			"valid_time_gmt": 1600545600,
			"day_ind": "N",
			"temp": 54,
			"wx_icon": 33,
			"icon_extd": 3300,
			"wx_phrase": "Fair",
			"pressure_tend": null,
			"pressure_desc": null,
			"dewPt": 46,
			"heat_index": 54,
			"rh": 77,
			"pressure": 29.72,
			"vis": 6,
			"wc": 54,
			"wdir": 20,
			"wdir_cardinal": "NNE",
			"gust": null,
			"wspd": 3,
			"max_temp": null,
			"min_temp": null,
			"precip_total": null,
			"precip_hrly": null,
			"snow_hrly": null,
			"uv_desc": "Low",
			"feels_like": 54,
			"uv_index": 0,
			"qualifier": null,
			"qualifier_svrty": null,
			"blunt_phrase": null,
			"terse_phrase": null,
			"clds": "CLR",
			"water_temp": null,
			"primary_wave_period": null,
			"primary_wave_height": null,
			"primary_swell_period": null,
			"primary_swell_height": null,
			"primary_swell_direction": null,
			"secondary_swell_period": null,
			"secondary_swell_height": null,
			"secondary_swell_direction": null
		},
		{
			"key": "EPWR",
			"class": "observation",
			"expire_time_gmt": 1600554600,
			"obs_id": "EPWR",
			"obs_name": "Wroclaw/Copernicus",
			"valid_time_gmt": 1600547400,
			"day_ind": "N",
			"temp": 54,
			"wx_icon": 33,
			"icon_extd": 3300,
			"wx_phrase": "Fair",
			"pressure_tend": null,
			"pressure_desc": null,
			"dewPt": 45,
			"heat_index": 54,
			"rh": 72,
			"pressure": 29.72,
			"vis": 6,
			"wc": 54,
			"wdir": 60,
			"wdir_cardinal": "ENE",
			"gust": null,
			"wspd": 2,
			"max_temp": null,
			"min_temp": null,
			"precip_total": null,
			"precip_hrly": null,
			"snow_hrly": null,
			"uv_desc": "Low",
			"feels_like": 54,
			"uv_index": 0,
			"qualifier": null,
			"qualifier_svrty": null,
			"blunt_phrase": null,
			"terse_phrase": null,
			"clds": "CLR",
			"water_temp": null,
			"primary_wave_period": null,
			"primary_wave_height": null,
			"primary_swell_period": null,
			"primary_swell_height": null,
			"primary_swell_direction": null,
			"secondary_swell_period": null,
			"secondary_swell_height": null,
			"secondary_swell_direction": null
		},
		{
			"key": "EPWR",
			"class": "observation",
			"expire_time_gmt": 1600556400,
			"obs_id": "EPWR",
			"obs_name": "Wroclaw/Copernicus",
			"valid_time_gmt": 1600549200,
			"day_ind": "N",
			"temp": 54,
			"wx_icon": 33,
			"icon_extd": 3300,
			"wx_phrase": "Fair",
			"pressure_tend": null,
			"pressure_desc": null,
			"dewPt": 45,
			"heat_index": 54,
			"rh": 72,
			"pressure": 29.72,
			"vis": 6,
			"wc": 54,
			"wdir": 60,
			"wdir_cardinal": "ENE",
			"gust": null,
			"wspd": 2,
			"max_temp": null,
			"min_temp": null,
			"precip_total": null,
			"precip_hrly": null,
			"snow_hrly": null,
			"uv_desc": "Low",
			"feels_like": 54,
			"uv_index": 0,
			"qualifier": null,
			"qualifier_svrty": null,
			"blunt_phrase": null,
			"terse_phrase": null,
			"clds": "CLR",
			"water_temp": null,
			"primary_wave_period": null,
			"primary_wave_height": null,
			"primary_swell_period": null,
			"primary_swell_height": null,
			"primary_swell_direction": null,
			"secondary_swell_period": null,
			"secondary_swell_height": null,
			"secondary_swell_direction": null
		},
		{
			"key": "EPWR",
			"class": "observation",
			"expire_time_gmt": 1600558200,
			"obs_id": "EPWR",
			"obs_name": "Wroclaw/Copernicus",
			"valid_time_gmt": 1600551000,
			"day_ind": "N",
			"temp": 52,
			"wx_icon": 33,
			"icon_extd": 3300,
			"wx_phrase": "Fair",
			"pressure_tend": null,
			"pressure_desc": null,
			"dewPt": 45,
			"heat_index": 52,
			"rh": 76,
			"pressure": 29.72,
			"vis": 6,
			"wc": 52,
			"wdir": 360,
			"wdir_cardinal": "N",
			"gust": null,
			"wspd": 1,
			"max_temp": null,
			"min_temp": null,
			"precip_total": null,
			"precip_hrly": null,
			"snow_hrly": null,
			"uv_desc": "Low",
			"feels_like": 52,
			"uv_index": 0,
			"qualifier": null,
			"qualifier_svrty": null,
			"blunt_phrase": null,
			"terse_phrase": null,
			"clds": "CLR",
			"water_temp": null,
			"primary_wave_period": null,
			"primary_wave_height": null,
			"primary_swell_period": null,
			"primary_swell_height": null,
			"primary_swell_direction": null,
			"secondary_swell_period": null,
			"secondary_swell_height": null,
			"secondary_swell_direction": null
		}
	]
}
